PRODUCTION_DATE	ASSET	BLOCK	PRODUCT	PRD_VL_TYPE	UOM	QTY	COMMENT	TIMESTAMP	CREATED_BY	CREATED_ON	CHANGED_BY	CHANGED_ON
05.10.2026	BRA_BC1	BRA_BC1_ABALONA	722000001	NET_PROD	BBL	0		20261006101953	121903	06.10.2026	121903	06.10.2026
05.10.2026	BRA_BC1	BRA_BC1_ABALONA	722000001	WATER_INJ	BBL	0		20261006101953	121903	06.10.2026	121903	06.10.2026
05.10.2026	BRA_BC1	BRA_BC1_ABALONA	722000004	GROSS_PROD	MCM	0		20261006102011	121903	06.10.2026	121903	06.10.2026
05.10.2026	BRA_BC1	BRA_BC1_ARGONAUTA	722000001	NET_PROD	BBL	34925.00	PRODUCTION FROM ABALONA, ARGONAUTA, NAUTILUS, AND OSTRA IS COMBINED.	20261006101953	121903	06.10.2026	121903	06.10.2026
05.10.2026	BRA_BC1	BRA_BC1_ARGONAUTA	722000001	WATER_INJ	BBL	0	PRODUCTION FROM ABALONA, ARGONAUTA, NAUTILUS, AND OSTRA IS COMBINED.	20261006101953	121903	06.10.2026	121903	06.10.2026
05.10.2026	BRA_BC1	BRA_BC1_ARGONAUTA	722000004	GROSS_PROD	MCM	0.493	PRODUCTION FROM ABALONA, ARGONAUTA, NAUTILUS, AND OSTRA IS COMBINED.	20261006102011	121903	06.10.2026	121903	06.10.2026
05.10.2026	BRA_BC1	BRA_BC1_NAUTILUS	722000001	NET_PROD	BBL	0		20261006101953	121903	06.10.2026	121903	06.10.2026
05.10.2026	BRA_BC1	BRA_BC1_NAUTILUS	722000001	WATER_INJ	BBL	0		20261006101953	121903	06.10.2026	121903	06.10.2026
05.10.2026	BRA_BC1	BRA_BC1_NAUTILUS	722000004	GROSS_PROD	MCM	0		20261006102011	121903	06.10.2026	121903	06.10.2026
05.10.2026	BRA_BC1	BRA_BC1_OSTRA	722000001	NET_PROD	BBL	0		20261006101953	121903	06.10.2026	121903	06.10.2026
05.10.2026	BRA_BC1	BRA_BC1_OSTRA	722000001	WATER_INJ	BBL	0		20261006101953	121903	06.10.2026	121903	06.10.2026
05.10.2026	BRA_BC1	BRA_BC1_OSTRA	722000004	GROSS_PROD	MCM	0		20261006102011	121903	06.10.2026	121903	06.10.2026
05.10.2026	COL_CPO	COL_CPO_CALAO	722000001	NET_PROD	BBL	0		20261006100935	121720	06.10.2026		
05.10.2026	COL_CPO	COL_CPO_CALAO	722000001	WATER_INJ	BBL	0		20261006100935	121720	06.10.2026		
05.10.2026	COL_CPO	COL_CPO_CALAO	722000004	GAS_FLARE	M3	0		20261006101040	121720	06.10.2026		
05.10.2026	COL_CPO	COL_CPO_CALAO	722000004	GAS_INJ	M3	0		20261006101040	121720	06.10.2026		
05.10.2026	COL_CPO	COL_CPO_CALAO	722000004	GROSS_PROD	M3	0		20261006101040	121720	06.10.2026		
05.10.2026	COL_CPO	COL_CPO_CALAO	722000004	INT_CONS	M3	0		20261006101040	121720	06.10.2026		
05.10.2026	COL_CPO	COL_CPO_CNT FLAMENCO	722000001	NET_PROD	BBL	0		20261006100935	121720	06.10.2026		
05.10.2026	COL_CPO	COL_CPO_CNT FLAMENCO	722000001	WATER_INJ	BBL	0		20261006100935	121720	06.10.2026		
05.10.2026	COL_CPO	COL_CPO_CNT FLAMENCO	722000004	GAS_FLARE	M3	0		20261006101040	121720	06.10.2026		
05.10.2026	COL_CPO	COL_CPO_CNT FLAMENCO	722000004	GAS_INJ	M3	0		20261006101040	121720	06.10.2026		
05.10.2026	COL_CPO	COL_CPO_CNT FLAMENCO	722000004	GROSS_PROD	M3	0		20261006101040	121720	06.10.2026		
05.10.2026	COL_CPO	COL_CPO_CNT FLAMENCO	722000004	INT_CONS	M3	0		20261006101040	121720	06.10.2026		
05.10.2026	COL_CPO	COL_CPO_INDICO	722000001	NET_PROD	BBL	20288.56		20261006100935	121720	06.10.2026		
05.10.2026	COL_CPO	COL_CPO_INDICO	722000001	WATER_INJ	BBL	0		20261006100935	121720	06.10.2026		
05.10.2026	COL_CPO	COL_CPO_INDICO	722000004	GAS_FLARE	M3	4042.23		20261006101040	121720	06.10.2026		
05.10.2026	COL_CPO	COL_CPO_INDICO	722000004	GAS_INJ	M3	0		20261006101040	121720	06.10.2026		
05.10.2026	COL_CPO	COL_CPO_INDICO	722000004	GROSS_PROD	M3	4042.23		20261006101040	121720	06.10.2026		
05.10.2026	COL_CPO	COL_CPO_INDICO	722000004	INT_CONS	M3	0		20261006101040	121720	06.10.2026		
05.10.2026	COL_CPO	COL_CPO_KAMAL	722000001	NET_PROD	BBL	0		20261006100935	121720	06.10.2026		
05.10.2026	COL_CPO	COL_CPO_KAMAL	722000001	WATER_INJ	BBL	0		20261006100935	121720	06.10.2026		
05.10.2026	COL_CPO	COL_CPO_KAMAL	722000004	GAS_FLARE	M3	0		20261006101040	121720	06.10.2026		
05.10.2026	COL_CPO	COL_CPO_KAMAL	722000004	GAS_INJ	M3	0		20261006101040	121720	06.10.2026		
05.10.2026	COL_CPO	COL_CPO_KAMAL	722000004	GROSS_PROD	M3	0		20261006101040	121720	06.10.2026		
05.10.2026	COL_CPO	COL_CPO_KAMAL	722000004	INT_CONS	M3	0		20261006101040	121720	06.10.2026		
05.10.2026	COL_CPO	COL_CPO_LOTO	722000001	NET_PROD	BBL	0		20261006100935	121720	06.10.2026		
05.10.2026	COL_CPO	COL_CPO_LOTO	722000001	WATER_INJ	BBL	0		20261006100935	121720	06.10.2026		
05.10.2026	COL_CPO	COL_CPO_LOTO	722000004	GAS_FLARE	M3	0		20261006101040	121720	06.10.2026		
05.10.2026	COL_CPO	COL_CPO_LOTO	722000004	GAS_INJ	M3	0		20261006101040	121720	06.10.2026		
05.10.2026	COL_CPO	COL_CPO_LOTO	722000004	GROSS_PROD	M3	0		20261006101040	121720	06.10.2026		
05.10.2026	COL_CPO	COL_CPO_LOTO	722000004	INT_CONS	M3	0		20261006101040	121720	06.10.2026		
05.10.2026	COL_CPO	COL_CPO_MARIPOSA	722000001	NET_PROD	BBL	593.86		20261006100935	121720	06.10.2026		
05.10.2026	COL_CPO	COL_CPO_MARIPOSA	722000001	WATER_INJ	BBL	0		20261006100935	121720	06.10.2026		
05.10.2026	COL_CPO	COL_CPO_MARIPOSA	722000004	GAS_FLARE	M3	1671.26		20261006101040	121720	06.10.2026		
05.10.2026	COL_CPO	COL_CPO_MARIPOSA	722000004	GAS_INJ	M3	0		20261006101040	121720	06.10.2026		
05.10.2026	COL_CPO	COL_CPO_MARIPOSA	722000004	GROSS_PROD	M3	1671.26		20261006101040	121720	06.10.2026		
05.10.2026	COL_CPO	COL_CPO_MARIPOSA	722000004	INT_CONS	M3	0		20261006101040	121720	06.10.2026		
05.10.2026	COL_CPO	COL_CPO_PERICO	722000001	NET_PROD	BBL	1057.50	INCLUDES MILANO-1X PRODUCTION - 619.33 BLS	20261006100935	121720	06.10.2026		
05.10.2026	COL_CPO	COL_CPO_PERICO	722000001	WATER_INJ	BBL	0	INCLUDES MILANO-1X PRODUCTION - 619.33 BLS	20261006100935	121720	06.10.2026		
05.10.2026	COL_CPO	COL_CPO_PERICO	722000004	GAS_FLARE	M3	0		20261006101040	121720	06.10.2026		
05.10.2026	COL_CPO	COL_CPO_PERICO	722000004	GAS_INJ	M3	0		20261006101040	121720	06.10.2026		
05.10.2026	COL_CPO	COL_CPO_PERICO	722000004	GROSS_PROD	M3	0		20261006101040	121720	06.10.2026		
05.10.2026	COL_CPO	COL_CPO_PERICO	722000004	INT_CONS	M3	0		20261006101040	121720	06.10.2026		
05.10.2026	MMR_BA1	MMR_BA1_BLOCKA1	722000004	GROSS_PROD	MCF	375.255		20261006091453	122337	06.10.2026		
05.10.2026	MMR_BA3	MMR_BA3_BLOCKA3	722000004	GROSS_PROD	MCF	107.879		20261006091348	122337	06.10.2026		
05.10.2026	RUS_IEC	RUS_IEC_DVOINOYE	722000001	NET_PROD	BBL	82		20261006054832	95660	06.10.2026		
05.10.2026	RUS_IEC	RUS_IEC_DVOINOYE	722000001	WATER_INJ	BBL	0		20261006054832	95660	06.10.2026		
05.10.2026	RUS_IEC	RUS_IEC_DVOINOYE	722000004	GROSS_PROD	M3	660		20261006055146	95660	06.10.2026		
05.10.2026	RUS_IEC	RUS_IEC_FESTIVALNOYE	722000001	NET_PROD	BBL	0		20261006054832	95660	06.10.2026		
05.10.2026	RUS_IEC	RUS_IEC_FESTIVALNOYE	722000001	WATER_INJ	BBL	0		20261006054832	95660	06.10.2026		
05.10.2026	RUS_IEC	RUS_IEC_FESTIVALNOYE	722000004	GROSS_PROD	M3	0		20261006055146	95660	06.10.2026		
05.10.2026	RUS_IEC	RUS_IEC_KIEVEGANSKOY	722000001	NET_PROD	BBL	0		20261006054832	95660	06.10.2026		
05.10.2026	RUS_IEC	RUS_IEC_KIEVEGANSKOY	722000001	WATER_INJ	BBL	0		20261006054832	95660	06.10.2026		
05.10.2026	RUS_IEC	RUS_IEC_KIEVEGANSKOY	722000004	GROSS_PROD	M3	0		20261006055146	95660	06.10.2026		
05.10.2026	RUS_IEC	RUS_IEC_MAISKOYE	722000001	NET_PROD	BBL	246		20261006054832	95660	06.10.2026		
05.10.2026	RUS_IEC	RUS_IEC_MAISKOYE	722000001	WATER_INJ	BBL	0		20261006054832	95660	06.10.2026		
05.10.2026	RUS_IEC	RUS_IEC_MAISKOYEGRP	722000004	GROSS_PROD	M3	9290.00		20261006055146	95660	06.10.2026		
05.10.2026	RUS_IEC	RUS_IEC_MIDMAISKOYE	722000001	NET_PROD	BBL	0		20261006054832	95660	06.10.2026		
05.10.2026	RUS_IEC	RUS_IEC_MIDMAISKOYE	722000001	WATER_INJ	BBL	0		20261006054832	95660	06.10.2026		
05.10.2026	RUS_IEC	RUS_IEC_SNEZHNOYE	722000001	NET_PROD	BBL	879		20261006054832	95660	06.10.2026		
05.10.2026	RUS_IEC	RUS_IEC_SNEZHNOYE	722000001	WATER_INJ	BBL	0		20261006054832	95660	06.10.2026		
05.10.2026	RUS_IEC	RUS_IEC_SNEZHNOYE	722000004	GROSS_PROD	M3	231906.00		20261006055146	95660	06.10.2026		
05.10.2026	RUS_IEC	RUS_IEC_SOUTHMAISKOY	722000001	NET_PROD	BBL	630		20261006054832	95660	06.10.2026		
05.10.2026	RUS_IEC	RUS_IEC_SOUTHMAISKOY	722000001	WATER_INJ	BBL	0		20261006054832	95660	06.10.2026		
05.10.2026	RUS_IEC	RUS_IEC_WESTMAISKOYE	722000001	NET_PROD	BBL	0		20261006054832	95660	06.10.2026		
05.10.2026	RUS_IEC	RUS_IEC_WESTMAISKOYE	722000001	WATER_INJ	BBL	0		20261006054832	95660	06.10.2026		
05.10.2026	RUS_VAN	RUS_VAN_VANKORNEFT	722000001	NET_PROD	BBL	146032.30		20261006070530	96029	06.10.2026		
05.10.2026	RUS_VAN	RUS_VAN_VANKORNEFT	722000001	WATER_INJ	M3	277684.00		20261006070530	96029	06.10.2026		
05.10.2026	RUS_VAN	RUS_VAN_VANKORNEFT	722000004	GAS_INJ	M3	0		20261006070613	96029	06.10.2026		
05.10.2026	RUS_VAN	RUS_VAN_VANKORNEFT	722000004	GROSS_PROD	M3	10797000.00		20261006070613	96029	06.10.2026		
05.10.2026	SSU_SPO	SSU_SPO_BLOCK5A	722000001	NET_PROD	BBL	11869.00		20261006110932	105013	06.10.2026		
05.10.2026	UAE_LZC	UAE_LZC_LOWERZAKUM	722000001	NET_PROD	BBL	448337.00		20261006093416	92051	06.10.2026		
05.10.2026	VEN_CAR	VEN_CAR_CARABOBO	722000001	NET_PROD	BBL	7110.00		20261007091743	60749	07.10.2026		
05.10.2026	VEN_CAR	VEN_CAR_CARABOBO	722000004	GAS_FLARE	MCF	6.54		20261007091820	60749	07.10.2026		
05.10.2026	VEN_CAR	VEN_CAR_CARABOBO	722000004	GROSS_PROD	MCF	6.72		20261007091820	60749	07.10.2026		
05.10.2026	VEN_CAR	VEN_CAR_CARABOBO	722000004	INT_CONS	MCF	0.18		20261007091820	60749	07.10.2026		
05.10.2026	VEN_SAN	VEN_SAN_PIVSA	722000001	NET_PROD	BBL	5559.00		20261006054846	60749	06.10.2026		
05.10.2026	VEN_SAN	VEN_SAN_PIVSA	722000001	WATER_INJ	BBL	0		20261006054846	60749	06.10.2026		
05.10.2026	VEN_SAN	VEN_SAN_PIVSA	722000004	GAS_FLARE	MCF	3.777		20261006054908	60749	06.10.2026		
05.10.2026	VEN_SAN	VEN_SAN_PIVSA	722000004	GROSS_PROD	MCF	3.777		20261006054908	60749	06.10.2026		
05.10.2026	VEN_SAN	VEN_SAN_PIVSA	722000004	INT_CONS	MCF	0		20261006054908	60749	06.10.2026		
06.10.2026	MMR_BA1	MMR_BA1_BLOCKA1	722000004	GROSS_PROD	MCF	374.52		20261007082800	122337	07.10.2026		
06.10.2026	MMR_BA3	MMR_BA3_BLOCKA3	722000004	GROSS_PROD	MCF	107.853		20261007082730	122337	07.10.2026		
06.10.2026	RUS_IEC	RUS_IEC_DVOINOYE	722000001	NET_PROD	BBL	82		20261007095427	95660	07.10.2026		
06.10.2026	RUS_IEC	RUS_IEC_DVOINOYE	722000001	WATER_INJ	BBL	0		20261007095427	95660	07.10.2026		
06.10.2026	RUS_IEC	RUS_IEC_DVOINOYE	722000004	GROSS_PROD	M3	660		20261007095457	95660	07.10.2026		
06.10.2026	RUS_IEC	RUS_IEC_FESTIVALNOYE	722000001	NET_PROD	BBL	0		20261007095427	95660	07.10.2026		
06.10.2026	RUS_IEC	RUS_IEC_FESTIVALNOYE	722000001	WATER_INJ	BBL	0		20261007095427	95660	07.10.2026		
06.10.2026	RUS_IEC	RUS_IEC_FESTIVALNOYE	722000004	GROSS_PROD	M3	0		20261007095457	95660	07.10.2026		
06.10.2026	RUS_IEC	RUS_IEC_KIEVEGANSKOY	722000001	NET_PROD	BBL	0		20261007095427	95660	07.10.2026		
06.10.2026	RUS_IEC	RUS_IEC_KIEVEGANSKOY	722000001	WATER_INJ	BBL	0		20261007095427	95660	07.10.2026		
06.10.2026	RUS_IEC	RUS_IEC_KIEVEGANSKOY	722000004	GROSS_PROD	M3	0		20261007095457	95660	07.10.2026		
06.10.2026	RUS_IEC	RUS_IEC_MAISKOYE	722000001	NET_PROD	BBL	267		20261007095427	95660	07.10.2026		
06.10.2026	RUS_IEC	RUS_IEC_MAISKOYE	722000001	WATER_INJ	BBL	0		20261007095427	95660	07.10.2026		
06.10.2026	RUS_IEC	RUS_IEC_MAISKOYEGRP	722000004	GROSS_PROD	M3	9020.00		20261007095457	95660	07.10.2026		
06.10.2026	RUS_IEC	RUS_IEC_MIDMAISKOYE	722000001	NET_PROD	BBL	0		20261007095427	95660	07.10.2026		
06.10.2026	RUS_IEC	RUS_IEC_MIDMAISKOYE	722000001	WATER_INJ	BBL	0		20261007095427	95660	07.10.2026		
06.10.2026	RUS_IEC	RUS_IEC_SNEZHNOYE	722000001	NET_PROD	BBL	904		20261007095427	95660	07.10.2026		
06.10.2026	RUS_IEC	RUS_IEC_SNEZHNOYE	722000001	WATER_INJ	BBL	0		20261007095427	95660	07.10.2026		
06.10.2026	RUS_IEC	RUS_IEC_SNEZHNOYE	722000004	GROSS_PROD	M3	234469.00		20261007095457	95660	07.10.2026		
06.10.2026	RUS_IEC	RUS_IEC_SOUTHMAISKOY	722000001	NET_PROD	BBL	553		20261007095427	95660	07.10.2026		
06.10.2026	RUS_IEC	RUS_IEC_SOUTHMAISKOY	722000001	WATER_INJ	BBL	0		20261007095427	95660	07.10.2026		
06.10.2026	RUS_IEC	RUS_IEC_WESTMAISKOYE	722000001	NET_PROD	BBL	0		20261007095427	95660	07.10.2026		
06.10.2026	RUS_IEC	RUS_IEC_WESTMAISKOYE	722000001	WATER_INJ	BBL	0		20261007095427	95660	07.10.2026		
06.10.2026	RUS_VAN	RUS_VAN_VANKORNEFT	722000001	NET_PROD	BBL	146657.30		20261007102241	96029	07.10.2026		
06.10.2026	RUS_VAN	RUS_VAN_VANKORNEFT	722000001	WATER_INJ	M3	282033.00		20261007102241	96029	07.10.2026		
06.10.2026	RUS_VAN	RUS_VAN_VANKORNEFT	722000004	GAS_INJ	M3	0		20261007102320	96029	07.10.2026		
06.10.2026	RUS_VAN	RUS_VAN_VANKORNEFT	722000004	GROSS_PROD	M3	10735000.00		20261007102320	96029	07.10.2026		
06.10.2026	UAE_LZC	UAE_LZC_LOWERZAKUM	722000001	NET_PROD	BBL	450020.00		20261007065102	92051	07.10.2026		
06.10.2026	VEN_CAR	VEN_CAR_CARABOBO	722000001	NET_PROD	BBL	7105.00		20261007091845	60749	07.10.2026		
06.10.2026	VEN_CAR	VEN_CAR_CARABOBO	722000004	GAS_FLARE	MCF	6.67		20261007091920	60749	07.10.2026		
06.10.2026	VEN_CAR	VEN_CAR_CARABOBO	722000004	GROSS_PROD	MCF	6.87		20261007091920	60749	07.10.2026		
06.10.2026	VEN_CAR	VEN_CAR_CARABOBO	722000004	INT_CONS	MCF	0.2		20261007091920	60749	07.10.2026		
06.10.2026	VEN_SAN	VEN_SAN_PIVSA	722000001	NET_PROD	BBL	5550.00		20261007091415	60749	07.10.2026		
06.10.2026	VEN_SAN	VEN_SAN_PIVSA	722000001	WATER_INJ	BBL	0		20261007091415	60749	07.10.2026		
06.10.2026	VEN_SAN	VEN_SAN_PIVSA	722000004	GAS_FLARE	MCF	3.75		20261007091435	60749	07.10.2026		
06.10.2026	VEN_SAN	VEN_SAN_PIVSA	722000004	GROSS_PROD	MCF	3.75		20261007091435	60749	07.10.2026		
06.10.2026	VEN_SAN	VEN_SAN_PIVSA	722000004	INT_CONS	MCF	0		20261007091435	60749	07.10.2026		
